action:sell,player_id:starthub_sm1,itemId: STARHUB ETOP UP $8 ,amount:115,date:now
action:acc,player_id:starthub_sm1
action:acc,player_id:starthub_am
action:acc,player_id:dm2
action:sell,player_id:starthub_sm1,itemId: STARHUB ETOP UP $17 ,amount:3,date:now
action:acc,player_id:starthub_sm1
action:acc,player_id:starthub_am
action:acc,player_id:dm2
action:sell,player_id:starthub_sm1,itemId: STARHUB ETOP UP $18 ,amount:30,date:now
action:acc,player_id:starthub_sm1
action:acc,player_id:starthub_am
action:acc,player_id:dm2
action:sell,player_id:starthub_sm1,itemId: STARHUB ETOP UP $28 ,amount:10,date:now
action:acc,player_id:starthub_sm1
action:acc,player_id:starthub_am
action:acc,player_id:dm2
action:sell,player_id:starthub_sm2,itemId: STARHUB ETOP UP $8 ,amount:86,date:now
action:acc,player_id:starthub_sm2
action:acc,player_id:starthub_am
action:acc,player_id:dm2
action:sell,player_id:starthub_sm2,itemId: STARHUB ETOP UP $17 ,amount:5,date:now
action:acc,player_id:starthub_sm2
action:acc,player_id:starthub_am
action:acc,player_id:dm2
action:sell,player_id:starthub_sm2,itemId: STARHUB ETOP UP $18 ,amount:25,date:now
action:acc,player_id:starthub_sm2
action:acc,player_id:starthub_am
action:acc,player_id:dm2
action:sell,player_id:starthub_sm2,itemId: STARHUB ETOP UP $28 ,amount:6,date:now
action:acc,player_id:starthub_sm2
action:acc,player_id:starthub_am
action:acc,player_id:dm2
action:sell,player_id:starthub_sm3,itemId: STARHUB ETOP UP $8 ,amount:63,date:now
action:acc,player_id:starthub_sm3
action:acc,player_id:starthub_am
action:acc,player_id:dm2
action:sell,player_id:starthub_sm3,itemId: STARHUB ETOP UP $17 ,amount:4,date:now
action:acc,player_id:starthub_sm3
action:acc,player_id:starthub_am
action:acc,player_id:dm2
action:sell,player_id:starthub_sm3,itemId: STARHUB ETOP UP $18 ,amount:14,date:now
action:acc,player_id:starthub_sm3
action:acc,player_id:starthub_am
action:acc,player_id:dm2
action:sell,player_id:starthub_sm3,itemId: STARHUB ETOP UP $28 ,amount:6,date:now
action:acc,player_id:starthub_sm3
action:acc,player_id:starthub_am
action:acc,player_id:dm2
action:sell,player_id:starthub_sm3,itemId: STARHUB ETOP UP $50 ,amount:1,date:now
action:acc,player_id:starthub_sm3
action:acc,player_id:starthub_am
action:acc,player_id:dm2
action:sell,player_id:starthub_sm4,itemId: STARHUB ETOP UP $8 ,amount:209,date:now
action:acc,player_id:starthub_sm4
action:acc,player_id:starthub_am
action:acc,player_id:dm2
action:sell,player_id:starthub_sm4,itemId: STARHUB ETOP UP $17 ,amount:3,date:now
action:acc,player_id:starthub_sm4
action:acc,player_id:starthub_am
action:acc,player_id:dm2
action:sell,player_id:starthub_sm4,itemId: STARHUB ETOP UP $18 ,amount:87,date:now
action:acc,player_id:starthub_sm4
action:acc,player_id:starthub_am
action:acc,player_id:dm2
action:sell,player_id:starthub_sm4,itemId: STARHUB ETOP UP $28 ,amount:43,date:now
action:acc,player_id:starthub_sm4
action:acc,player_id:starthub_am
action:acc,player_id:dm2
action:sell,player_id:starthub_sm4,itemId: STARHUB ETOP UP $50 ,amount:5,date:now
action:acc,player_id:starthub_sm4
action:acc,player_id:starthub_am
action:acc,player_id:dm2
action:sell,player_id:starthub_sm4,itemId: STARHUB ETOP UP $50 ,amount:5,date:now
